Institutions,2012 ,2013 ,2014 ,2015 ,2016 ,2017 ,2018 ,2019 ,2020 ,2021 ,2022 
Institute of Technical Education (ITE),,,,,,,,,,,
Fresh Graduates,,,,,,,,,,,
Proportion Of Graduates In The Labour Force Who Are Employed (%),83.2,81.7,83.0,83.2,86.7,79.9,75.9,85.0,73.4,80.5,81.5
Full–Time Permanent,51.5,62.4,59.3,48.4,40.3,40.2,35.2,47.0,38.0,25.3*,31.0*
Part–Time/Temporary/Freelance,31.7,19.4,23.7,34.7,46.5,39.7,40.7,38.1,35.4,55.1*,50.5*
Median Gross Monthly Starting Salary Of Graduates In Full-Time Permanent Employment ($),"1,350","1,410","1,500","1,700","1,655","1,700","1,700","1,700","1,720","1,800","1,920"
