Institutions,2012 ,2013 ,2014 ,2015 ,2016 ,2017 ,2018 ,2019 ,2020 ,2021 ,2022 
Polytechnics,,,,,,,,,,,
Fresh Graduates,,,,,,,,,,,
Proportion Of Graduates In The Labour Force Who Are Employed (%),91.0,89.8,89.2,88.9,90.6,86.4,89.0,89.1,85.4,91.4,91.4
Full–Time Permanent,65.4,62.7,59.4,57.9,55.8,52.8,55.9,56.6,45.8,56.0,56.1
Part–Time/Temporary/Freelance,25.7,27.1,29.8,31.0,34.8,33.7,33.2,32.5,39.6,35.4,35.3
Median Gross Monthly Starting Salary Of Graduates In Full-Time Permanent Employment ($),"1,950","2,000","2,000","2,100","2,180","2,200","2,270","2,300","2,350","2,400","2,550"
Post-NS Graduates,,,,,,,,,,,
Proportion Of Graduates In The Labour Force Who Are Employed (%),93.1,92.8,92.4,91.5,95.4,89.8,90.5,94.1,91.9,94.2,92.7
Full–Time Permanent,77.8,74.2,73.0,70.8,70.2,64.0,65.7,70.7,65.5,63.3,65.4
Part–Time/Temporary/Freelance,15.3,18.7,19.3,20.7,25.2,25.8,24.8,23.4,26.4,30.9,27.3
Median Gross Monthly Starting Salary Of Graduates In Full-Time Permanent Employment ($),"2,253","2,250","2,400","2,500","2,517","2,480","2,501","2,540","2,500","2,614","2,800"
