"H.2     KEY STATISTICS ON EMPLOYMENT OUTCOME OF GRADUATES FROM INSTITUTIONS OF HIGHER LEARNING, 2012 – 2022",,,,,,,,,,,
Institutions,2012 ,2013 ,2014 ,2015 ,2016 ,2017 ,2018 ,2019 ,2020 ,2021 ,2022 
"Universities (NTU, NUS, SMU, SUSS)",,,,,,,,,,,
Proportion Of Graduates In The Labour Force Who Are Employed (%),91.0,89.3,89.1,89.5,89.5,88.9,90.2,90.7,93.6,94.4,93.8
Full–Time Permanent,85.6,83.4,82.7,83.1,79.9,78.4,81.2,81.7,69.8,84.0,87.5
Part–Time/Temporary/Freelance,5.4,5.9,6.4,6.5,9.7,10.5,9.0,9.0,23.8,10.4,6.3
Median Gross Monthly Starting Salary Of Graduates In Full-Time Permanent Employment ($),"3,050","3,050","3,200","3,300","3,300","3,400","3,500","3,600","3,700","3,800","4,200"
,,,,,,,,,,,
Polytechnics,,,,,,,,,,,
Fresh Graduates,,,,,,,,,,,
Proportion Of Graduates In The Labour Force Who Are Employed (%),91.0,89.8,89.2,88.9,90.6,86.4,89.0,89.1,85.4,91.4,91.4
Full–Time Permanent,65.4,62.7,59.4,57.9,55.8,52.8,55.9,56.6,45.8,56.0,56.1
Part–Time/Temporary/Freelance,25.7,27.1,29.8,31.0,34.8,33.7,33.2,32.5,39.6,35.4,35.3
Median Gross Monthly Starting Salary Of Graduates In Full-Time Permanent Employment ($),"1,950","2,000","2,000","2,100","2,180","2,200","2,270","2,300","2,350","2,400","2,550"
Post-NS Graduates,,,,,,,,,,,
Proportion Of Graduates In The Labour Force Who Are Employed (%),93.1,92.8,92.4,91.5,95.4,89.8,90.5,94.1,91.9,94.2,92.7
Full–Time Permanent,77.8,74.2,73.0,70.8,70.2,64.0,65.7,70.7,65.5,63.3,65.4
Part–Time/Temporary/Freelance,15.3,18.7,19.3,20.7,25.2,25.8,24.8,23.4,26.4,30.9,27.3
Median Gross Monthly Starting Salary Of Graduates In Full-Time Permanent Employment ($),"2,253","2,250","2,400","2,500","2,517","2,480","2,501","2,540","2,500","2,614","2,800"
,,,,,,,,,,,
Institute of Technical Education (ITE),,,,,,,,,,,
Fresh Graduates,,,,,,,,,,,
Proportion Of Graduates In The Labour Force Who Are Employed (%),83.2,81.7,83.0,83.2,86.7,79.9,75.9,85.0,73.4,80.5,81.5
Full–Time Permanent,51.5,62.4,59.3,48.4,40.3,40.2,35.2,47.0,38.0,25.3*,31.0*
Part–Time/Temporary/Freelance,31.7,19.4,23.7,34.7,46.5,39.7,40.7,38.1,35.4,55.1*,50.5*
Median Gross Monthly Starting Salary Of Graduates In Full-Time Permanent Employment ($),"1,350","1,410","1,500","1,700","1,655","1,700","1,700","1,700","1,720","1,800","1,920"
Post-NS Graduates,,,,,,,,,,,
Proportion Of Graduates In The Labour Force Who Are Employed (%),89.6,89.9,89.4,86.8,86.1,85.3,87.2,89.1,81.0,89.3,89.6
Full–Time Permanent,79.4,80.4,78.6,63.0,67.3,63.7,61.7,67.3,53.9,64.7,68.6
Part–Time/Temporary/Freelance,10.2,9.4,10.8,23.8,18.8,21.6,25.5,21.8,27.1,24.6,21.0
Median Gross Monthly Starting Salary Of Graduates In Full-Time Permanent Employment ($),"1,700","1,743","1,835","1,950","2,000","2,100","2,200","2,050","2,200","2,178","2,400"
,,,,,,,,,,,     Source: Graduate Employment Survey conducted by various local publicly-funded institutions of higher learning
,,,,,,,,,,,
"*For ITE fresh graduates, there is a discontinuity in the full-time permanent (FTP) employment rate and part-time/temporary/freelance (PT/T/F) employment rate between 2020 and 2021, due to changes in definitions (footnotes 9 and 10). For comparison, if there were no changes, the FTP employment rate would have been 44.9% and the PT/T/F employment rate would have been 38.0% in 2021.",,,,,,,,,,,
,,,,,,,,,,,
Notes :,,,,,,,,,,,
"1) Proportion in employment refers to the employed as a proportion of graduates who have entered the labour market as at the reference date, approximately 6 months after completion of final examinations.",,,,,,,,,,,
2) Full-time permanent employment refers to employment of at least 35 hours a week and where the employment is not temporary. It includes those on contracts of one year or more.,,,,,,,,,,,
"3) Part-time/temporary/freelance (PT/T/F) employment refers to employment of less than 35 hours a week and where employment is casual, interim or seasonal. It includes those on contracts of less than one year. Typically, of the polytechnic and ITE graduates in PT/T/F employment, about half are pursuing or preparing to begin further studies.",,,,,,,,,,,
"4) Gross monthly starting salary comprises the basic salary, fixed allowances, overtime pay and commissions. Bonuses are excluded.",,,,,,,,,,,
"5) Fresh graduates refer to those who had completed their studies in the year, comprising mostly females and males who are not liable for National Service (NS) after graduation.",,,,,,,,,,,
"6) Post-NS graduates refer to male graduates who had completed their studies about 2 years earlier. For example, 2022 data refers to male graduates who completed their full-time NS between April 2021 and March 2022 for Polytechnics and between Jul 2021 and Jun 2022 for ITE graduates. ",,,,,,,,,,,
"7) Universities refer to Nanyang Technological University (NTU), National University of Singapore (NUS), Singapore Management University (SMU) and Singapore University of Social Sciences (SUSS). SUSS was included from 2018 onwards as its first batch of undergraduate students graduated in 2018.",,,,,,,,,,,
"8) Polytechnics refer to Nanyang Polytechnic (NYP), Ngee Ann Polytechnic (NP), Republic Polytechnic (RP), Singapore Polytechnic (SP) and Temasek Polytechnic (TP).",,,,,,,,,,,
"9) For ITE, starting from 2021, ITE graduates on full-time further studies are considered to be in the labour force if they indicate that they are working or seeking work. In previous years, such graduates were assumed to be outside the labour force.",,,,,,,,,,,
"10) For ITE, starting from 2021, NS-liable ITE graduates who enrolled in polytechnics immediately after graduation and before serving NS are surveyed around six months after graduation, before they enrol in polytechnics, and included as fresh graduates. In previous years, such ITE graduates were surveyed after they completed their full-time NS, and included as post-NS graduates.",,,,,,,,,,,
11) Data may not add up to the total due to rounding.,,,,,,,,,,,