year,gender,nmc_course_level,graduate_count
2011,Male,Engineering: Diploma,35
2011,Male,Engineering: Higher NITEC,1413
2011,Male,Engineering: NITEC,3148
2011,Male,Info-Communications Technology: Higher NITEC,320
2011,Male,Info-Communications Technology: NITEC,714
2011,Male,Business & Services: Higher NITEC,569
2011,Male,Business & Services: NITEC,788
2011,Female,Engineering: Diploma,5
2011,Female,Engineering: Higher NITEC,352
2011,Female,Engineering: NITEC,676
2011,Female,Info-Communications Technology: Higher NITEC,158
2011,Female,Info-Communications Technology: NITEC,428
2011,Female,Business & Services: Higher NITEC,1113
2011,Female,Business & Services: NITEC,1708
2012,Male,Engineering: Diploma,34
2012,Male,Engineering: Higher NITEC,1474
2012,Male,Engineering: NITEC,3259
2012,Male,Info-Communications Technology: Higher NITEC,382
2012,Male,Info-Communications Technology: NITEC,698
2012,Male,Business & Services: Higher NITEC,583
2012,Male,Business & Services: NITEC,822
2012,Female,Engineering: Diploma,6
2012,Female,Engineering: Higher NITEC,318
2012,Female,Engineering: NITEC,804
2012,Female,Info-Communications Technology: Higher NITEC,167
2012,Female,Info-Communications Technology: NITEC,398
2012,Female,Business & Services: Higher NITEC,1223
2012,Female,Business & Services: NITEC,1645
2013,Male,Engineering: Diploma,70
2013,Male,Engineering: Higher NITEC,1448
2013,Male,Engineering: NITEC,3242
2013,Male,Info-Communications Technology: Higher NITEC,366
2013,Male,Info-Communications Technology: NITEC,671
2013,Male,Business & Services: Diploma,8
2013,Male,Business & Services: Higher NITEC,687
2013,Male,Business & Services: NITEC,984
2013,Female,Engineering: Diploma,5
2013,Female,Engineering: Higher NITEC,317
2013,Female,Engineering: NITEC,725
2013,Female,Info-Communications Technology: Higher NITEC,183
2013,Female,Info-Communications Technology: NITEC,394
2013,Female,Business & Services: Diploma,11
2013,Female,Business & Services: Higher NITEC,1275
2013,Female,Business & Services: NITEC,1797
2014,Male,Engineering: Diploma,42
2014,Male,Engineering: Higher NITEC,1491
2014,Male,Engineering: NITEC,3354
2014,Male,Info-Communications Technology: Higher NITEC,361
2014,Male,Info-Communications Technology: NITEC,738
2014,Male,Business & Services: Diploma,8
2014,Male,Business & Services: Higher NITEC,767
2014,Male,Business & Services: NITEC,626
2014,Female,Engineering: Diploma,4
2014,Female,Engineering: Higher NITEC,329
2014,Female,Engineering: NITEC,665
2014,Female,Info-Communications Technology: Higher NITEC,162
2014,Female,Info-Communications Technology: NITEC,391
2014,Female,Business & Services: Diploma,7
2014,Female,Business & Services: Higher NITEC,1250
2014,Female,Business & Services: NITEC,1203
2015,Male,Engineering: Diploma,50
2015,Male,Engineering: Higher NITEC,1724
2015,Male,Engineering: NITEC,3524
2015,Male,Info-Communications Technology: Higher NITEC,465
2015,Male,Info-Communications Technology: NITEC,788
2015,Male,Business & Services: Diploma,14
2015,Male,Business & Services: Higher NITEC,803
2015,Male,Business & Services: NITEC,1038
2015,Female,Engineering: Diploma,2
2015,Female,Engineering: Higher NITEC,472
2015,Female,Engineering: NITEC,820
2015,Female,Info-Communications Technology: Higher NITEC,227
2015,Female,Info-Communications Technology: NITEC,376
2015,Female,Business & Services: Diploma,3
2015,Female,Business & Services: Higher NITEC,1360
2015,Female,Business & Services: NITEC,2014
2016,Male,Engineering: Diploma,45
2016,Male,Engineering: Higher NITEC,1807
2016,Male,Engineering: NITEC,2984
2016,Male,Info-Communications Technology: Higher NITEC,501
2016,Male,Info-Communications Technology: NITEC,694
2016,Male,Business & Services: Diploma,11
2016,Male,Business & Services: Higher NITEC,774
2016,Male,Business & Services: NITEC,1003
2016,Female,Engineering: Diploma,3
2016,Female,Engineering: Higher NITEC,458
2016,Female,Engineering: NITEC,621
2016,Female,Info-Communications Technology: Higher NITEC,243
2016,Female,Info-Communications Technology: NITEC,335
2016,Female,Business & Services: Diploma,7
2016,Female,Business & Services: Higher NITEC,1402
2016,Female,Business & Services: NITEC,1912
2017,Male,Engineering: Diploma,51
2017,Male,Engineering: Higher NITEC,1974
2017,Male,Engineering: NITEC,2934
2017,Male,Info-Communications Technology: Higher NITEC,581
2017,Male,Info-Communications Technology: NITEC,760
2017,Male,Business & Services: Diploma,9
2017,Male,Business & Services: Higher NITEC,795
2017,Male,Business & Services: NITEC,1090
2017,Female,Engineering: Diploma,7
2017,Female,Engineering: Higher NITEC,515
2017,Female,Engineering: NITEC,621
2017,Female,Info-Communications Technology: Higher NITEC,249
2017,Female,Info-Communications Technology: NITEC,343
2017,Female,Business & Services: Diploma,8
2017,Female,Business & Services: Higher NITEC,1186
2017,Female,Business & Services: NITEC,1988
2018,Male,Engineering: Diploma,60
2018,Male,Engineering: Higher NITEC,2042
2018,Male,Engineering: NITEC,3112
2018,Male,Info-Communications Technology: Higher NITEC,504
2018,Male,Info-Communications Technology: NITEC,807
2018,Male,Business & Services: Diploma,12
2018,Male,Business & Services: Higher NITEC,828
2018,Male,Business & Services: NITEC,1143
2018,Female,Engineering: Diploma,6
2018,Female,Engineering: Higher NITEC,558
2018,Female,Engineering: NITEC,732
2018,Female,Info-Communications Technology: Higher NITEC,265
2018,Female,Info-Communications Technology: NITEC,338
2018,Female,Business & Services: Diploma,7
2018,Female,Business & Services: Higher NITEC,1291
2018,Female,Business & Services: NITEC,1938
2019,Male,Engineering: Diploma,62
2019,Male,Engineering: Higher NITEC,2051
2019,Male,Engineering: NITEC,2665
2019,Male,Info-Communications Technology: Higher NITEC,479
2019,Male,Info-Communications Technology: NITEC,665
2019,Male,Business & Services: Diploma,11
2019,Male,Business & Services: Higher NITEC,861
2019,Male,Business & Services: NITEC,998
2019,Female,Engineering: Diploma,8
2019,Female,Engineering: Higher NITEC,548
2019,Female,Engineering: NITEC,582
2019,Female,Info-Communications Technology: Higher NITEC,240
2019,Female,Info-Communications Technology: NITEC,294
2019,Female,Business & Services: Diploma,3
2019,Female,Business & Services: Higher NITEC,1495
2019,Female,Business & Services: NITEC,1849
2020,Male,Engineering: Diploma,67
2020,Male,Engineering: Work-Study Diploma,17
2020,Male,Engineering: Higher NITEC,2272
2020,Male,Engineering: NITEC,2625
2020,Male,Info-Communications Technology: Work-Study Diploma,14
2020,Male,Info-Communications Technology: Higher NITEC,600
2020,Male,Info-Communications Technology: NITEC,652
2020,Male,Business & Services: Diploma,18
2020,Male,Business & Services: Work-Study Diploma,3
2020,Male,Business & Services: Higher NITEC,943
2020,Male,Business & Services: NITEC,995
2020,Female,Engineering: Diploma,6
2020,Female,Engineering: Work-Study Diploma,2
2020,Female,Engineering: Higher NITEC,570
2020,Female,Engineering: NITEC,704
2020,Female,Info-Communications Technology: Work-Study Diploma,5
2020,Female,Info-Communications Technology: Higher NITEC,243
2020,Female,Info-Communications Technology: NITEC,289
2020,Female,Business & Services: Diploma,3
2020,Female,Business & Services: Work-Study Diploma,21
2020,Female,Business & Services: Higher NITEC,1381
2020,Female,Business & Services: NITEC,1916
2021,Male,Engineering: Diploma,59
2021,Male,Engineering: Work-Study Diploma,80
2021,Male,Engineering: Higher NITEC,2257
2021,Male,Engineering: NITEC,2636
2021,Male,Info-Communications Technology: Work-Study Diploma,34
2021,Male,Info-Communications Technology: Higher NITEC,697
2021,Male,Info-Communications Technology: NITEC,656
2021,Male,Business & Services: Diploma,10
2021,Male,Business & Services: Work-Study Diploma,40
2021,Male,Business & Services: Higher NITEC,922
2021,Male,Business & Services: NITEC,913
2021,Female,Engineering: Diploma,6
2021,Female,Engineering: Work-Study Diploma,8
2021,Female,Engineering: Higher NITEC,618
2021,Female,Engineering: NITEC,728
2021,Female,Info-Communications Technology: Work-Study Diploma,15
2021,Female,Info-Communications Technology: Higher NITEC,300
2021,Female,Info-Communications Technology: NITEC,259
2021,Female,Business & Services: Diploma,4
2021,Female,Business & Services: Work-Study Diploma,94
2021,Female,Business & Services: Higher NITEC,1448
2021,Female,Business & Services: NITEC,1873
2022,Male,Engineering: Diploma,72
2022,Male,Engineering: Work-Study Diploma,119
2022,Male,Engineering: Higher NITEC,2349
2022,Male,Engineering: NITEC,2590
2022,Male,Info-Communications Technology: Work-Study Diploma,57
2022,Male,Info-Communications Technology: Higher NITEC,664
2022,Male,Info-Communications Technology: NITEC,614
2022,Male,Business & Services: Diploma,14
2022,Male,Business & Services: Work-Study Diploma,73
2022,Male,Business & Services: Higher NITEC,936
2022,Male,Business & Services: NITEC,977
2022,Female,Engineering: Diploma,6
2022,Female,Engineering: Work-Study Diploma,16
2022,Female,Engineering: Higher NITEC,601
2022,Female,Engineering: NITEC,758
2022,Female,Info-Communications Technology: Work-Study Diploma,28
2022,Female,Info-Communications Technology: Higher NITEC,307
2022,Female,Info-Communications Technology: NITEC,287
2022,Female,Business & Services: Diploma,7
2022,Female,Business & Services: Work-Study Diploma,94
2022,Female,Business & Services: Higher NITEC,1500
2022,Female,Business & Services: NITEC,1845
