year,sex,course,graduates
2012,MF,Applied Arts,1559
2012,F,Applied Arts,855
2012,MF,"Architecture, Building & Real Estate",512
2012,F,"Architecture, Building & Real Estate",271
2012,MF,Business & Administration,5422
2012,F,Business & Administration,3361
2012,MF,Education,196
2012,F,Education,180
2012,MF,Engineering Sciences,7291
2012,F,Engineering Sciences,1815
2012,MF,Health Sciences,2478
2012,F,Health Sciences,1923
2012,MF,Humanities & Social Sciences,477
2012,F,Humanities & Social Sciences,289
2012,MF,Information Technology,3642
2012,F,Information Technology,1580
2012,MF,Law,114
2012,F,Law,75
2012,MF,Mass Communication,653
2012,F,Mass Communication,452
2012,MF,"Natural, Physical & Mathematical Sciences",1391
2012,F,"Natural, Physical & Mathematical Sciences",845
2012,MF,Services,264
2012,F,Services,118
2013,MF,Applied Arts,1746
2013,F,Applied Arts,963
2013,MF,"Architecture, Building & Real Estate",630
2013,F,"Architecture, Building & Real Estate",353
2013,MF,Business & Administration,5400
2013,F,Business & Administration,3365
2013,MF,Education,262
2013,F,Education,250
2013,MF,Engineering Sciences,7016
2013,F,Engineering Sciences,1618
2013,MF,Health Sciences,2454
2013,F,Health Sciences,1853
2013,MF,Humanities & Social Sciences,627
2013,F,Humanities & Social Sciences,369
2013,MF,Information Technology,3523
2013,F,Information Technology,1509
2013,MF,Law,132
2013,F,Law,78
2013,MF,Mass Communication,638
2013,F,Mass Communication,463
2013,MF,"Natural, Physical & Mathematical Sciences",1469
2013,F,"Natural, Physical & Mathematical Sciences",922
2013,MF,Services,260
2013,F,Services,117
2014,MF,Applied Arts,1720
2014,F,Applied Arts,995
2014,MF,"Architecture, Building & Real Estate",707
2014,F,"Architecture, Building & Real Estate",435
2014,MF,Business & Administration,5596
2014,F,Business & Administration,3394
2014,MF,Education,260
2014,F,Education,239
2014,MF,Engineering Sciences,6983
2014,F,Engineering Sciences,1612
2014,MF,Health Sciences,2413
2014,F,Health Sciences,1838
2014,MF,Humanities & Social Sciences,703
2014,F,Humanities & Social Sciences,388
2014,MF,Information Technology,3577
2014,F,Information Technology,1483
2014,MF,Law,122
2014,F,Law,66
2014,MF,Mass Communication,555
2014,F,Mass Communication,393
2014,MF,"Natural, Physical & Mathematical Sciences",1486
2014,F,"Natural, Physical & Mathematical Sciences",931
2014,MF,Services,599
2014,F,Services,238
2015,MF,Applied Arts,1708
2015,F,Applied Arts,977
2015,MF,"Architecture, Building & Real Estate",715
2015,F,"Architecture, Building & Real Estate",396
2015,MF,Business & Administration,5455
2015,F,Business & Administration,3384
2015,MF,Education,292
2015,F,Education,274
2015,MF,Engineering Sciences,6967
2015,F,Engineering Sciences,1659
2015,MF,Health Sciences,2297
2015,F,Health Sciences,1693
2015,MF,Humanities & Social Sciences,343
2015,F,Humanities & Social Sciences,257
2015,MF,Information Technology,3413
2015,F,Information Technology,1298
2015,MF,Law,126
2015,F,Law,71
2015,MF,Mass Communication,644
2015,F,Mass Communication,470
2015,MF,"Natural, Physical & Mathematical Sciences",1477
2015,F,"Natural, Physical & Mathematical Sciences",919
2015,MF,Services,1194
2015,F,Services,583
2016,MF,Applied Arts,1783
2016,F,Applied Arts,1024
2016,MF,"Architecture, Building & Real Estate",743
2016,F,"Architecture, Building & Real Estate",420
2016,MF,Business & Administration,5595
2016,F,Business & Administration,3417
2016,MF,Education,307
2016,F,Education,277
2016,MF,Engineering Sciences,6939
2016,F,Engineering Sciences,1601
2016,MF,Health Sciences,2556
2016,F,Health Sciences,1895
2016,MF,Humanities & Social Sciences,353
2016,F,Humanities & Social Sciences,261
2016,MF,Information Technology,3305
2016,F,Information Technology,1275
2016,MF,Law,126
2016,F,Law,68
2016,MF,Mass Communication,701
2016,F,Mass Communication,498
2016,MF,"Natural, Physical & Mathematical Sciences",1457
2016,F,"Natural, Physical & Mathematical Sciences",904
2016,MF,Services,1239
2016,F,Services,571
2017,MF,Applied Arts,1682
2017,F,Applied Arts,1000
2017,MF,"Architecture, Building & Real Estate",736
2017,F,"Architecture, Building & Real Estate",441
2017,MF,Business & Administration,5416
2017,F,Business & Administration,3384
2017,MF,Education,320
2017,F,Education,307
2017,MF,Engineering Sciences,6615
2017,F,Engineering Sciences,1572
2017,MF,Health Sciences,2467
2017,F,Health Sciences,1771
2017,MF,Humanities & Social Sciences,347
2017,F,Humanities & Social Sciences,257
2017,MF,Information Technology,3089
2017,F,Information Technology,1099
2017,MF,Law,120
2017,F,Law,72
2017,MF,Mass Communication,697
2017,F,Mass Communication,523
2017,MF,"Natural, Physical & Mathematical Sciences",1529
2017,F,"Natural, Physical & Mathematical Sciences",955
2017,MF,Services,1192
2017,F,Services,547
2018,MF,Applied Arts,1610
2018,F,Applied Arts,941
2018,MF,"Architecture, Building & Real Estate",614
2018,F,"Architecture, Building & Real Estate",370
2018,MF,Business & Administration,4784
2018,F,Business & Administration,3006
2018,MF,Education,332
2018,F,Education,312
2018,MF,Engineering Sciences,6540
2018,F,Engineering Sciences,1543
2018,MF,Health Sciences,2565
2018,F,Health Sciences,1895
2018,MF,Humanities & Social Sciences,310
2018,F,Humanities & Social Sciences,233
2018,MF,Information Technology,2747
2018,F,Information Technology,996
2018,MF,Law,124
2018,F,Law,76
2018,MF,Mass Communication,582
2018,F,Mass Communication,437
2018,MF,"Natural, Physical & Mathematical Sciences",1353
2018,F,"Natural, Physical & Mathematical Sciences",825
2018,MF,Services,1053
2018,F,Services,541
2019,MF,Applied Arts,1580
2019,MF,"Architecture, Building & Real Estate",579
2019,MF,Business & Administration,4489
2019,MF,Education,555
2019,MF,Engineering Sciences,6061
2019,MF,Health Sciences,2430
2019,MF,Humanities & Social Sciences,325
2019,MF,Information Technology,2548
2019,MF,Law,96
2019,MF,Mass Communication,601
2019,MF,"Natural, Physical & Mathematical Sciences",1218
2019,MF,Services,1050
2019,F,Applied Arts,934
2019,F,"Architecture, Building & Real Estate",337
2019,F,Business & Administration,2733
2019,F,Education,522
2019,F,Engineering Sciences,1271
2019,F,Health Sciences,1834
2019,F,Humanities & Social Sciences,242
2019,F,Information Technology,843
2019,F,Law,61
2019,F,Mass Communication,447
2019,F,"Natural, Physical & Mathematical Sciences",743
2019,F,Services,469
2020,MF,Applied Arts,1729
2020,MF,"Architecture, Building & Real Estate",633
2020,MF,Business & Administration,4603
2020,MF,Education,713
2020,MF,Engineering Sciences,6327
2020,MF,Health Sciences,2375
2020,MF,Humanities & Social Sciences,348
2020,MF,Information Technology,2610
2020,MF,Law,93
2020,MF,Mass Communication,620
2020,MF,Natural & Mathematical Sciences,1201
2020,MF,Services,1008
2020,F,Applied Arts,1059
2020,F,"Architecture, Building & Real Estate",350
2020,F,Business & Administration,2785
2020,F,Education,661
2020,F,Engineering Sciences,1363
2020,F,Health Sciences,1789
2020,F,Humanities & Social Sciences,259
2020,F,Information Technology,802
2020,F,Law,62
2020,F,Mass Communication,461
2020,F,Natural & Mathematical Sciences,730
2020,F,Services,482
2021,MF,Applied Arts,1746
2021,F,Applied Arts,1029
2021,MF,"Architecture, Building & Real Estate",628
2021,F,"Architecture, Building & Real Estate",329
2021,MF,Business & Administration,4514
2021,F,Business & Administration,2755
2021,MF,Education,722
2021,F,Education,665
2021,MF,Engineering Sciences,6276
2021,F,Engineering Sciences,1370
2021,MF,Health Sciences,2669
2021,F,Health Sciences,2052
2021,MF,Humanities & Social Sciences,297
2021,F,Humanities & Social Sciences,223
2021,MF,Information Technology,2647
2021,F,Information Technology,768
2021,MF,Law,91
2021,F,Law,61
2021,MF,Mass Communication,648
2021,F,Mass Communication,479
2021,MF,Natural & Mathematical Sciences,1175
2021,F,Natural & Mathematical Sciences,731
2021,MF,Services,1032
2021,F,Services,421
